month,surface_air mean_temp,mean_sunshine_hrs,mean_realtive humidity,total_rainfall,no_of_rainy_days,max_temperature,temp_category
Jan-82,25.9,-0.05383091,-0.403998769,-0.607470175,-0.803978698,-1.804659521,0
Feb-82,27.1,1.605039989,-0.916635863,-1.306230982,-1.813408715,1.129430252,1
Mar-82,27.2,-0.468548635,-0.072292414,-0.134286628,-0.602092694,1.129430252,1
Apr-82,27,-0.800322814,1.013292019,-0.167770752,0.003565316,-0.215360894,0
May-82,28,0.11205618,0.199103694,-0.650647073,-0.803978698,-0.582122116,1
Jun-82,28.4,1.356209354,-0.675394878,-1.026902892,-1.207750705,-0.093107153,1
Jul-82,28.2,1.605039989,-1.489583203,-0.878867815,-1.207750705,-0.459868375,1
Aug-82,27.7,-0.219718,-0.645239754,-0.057625606,-0.602092694,-0.215360894,1
Sep-82,27.9,-0.38560509,-0.584929508,-1.074485595,-1.005864701,-0.215360894,1
Oct-82,27.4,-0.05383091,-0.3135334,-1.204897448,-0.803978698,0.518161549,1
Nov-82,27.3,0.11205618,0.25941394,-0.370437821,-0.198320688,1.129430252,1
Dec-82,26.2,-1.961532443,1.556084236,2.802623547,1.41676734,-0.459868375,0
Jan-83,26.5,-1.132096994,0.92282665,0.616462688,0.811109329,-1.56015204,0
Feb-83,28.1,3.015080252,-1.36896271,-1.501848762,-2.419066725,1.496191474,1
Mar-83,28.9,2.683306073,-1.972065173,-1.38729781,-2.419066725,2.96323636,1
Apr-83,29.4,0.775604539,-1.610203695,-1.255123634,-2.015294718,2.96323636,1
May-83,28.3,0.194999725,0.199103694,-0.134286628,-0.602092694,0.76266903,1
Jun-83,28.3,0.194999725,-0.042137291,-0.722902289,-0.602092694,0.273654068,1
Jul-83,27.6,-0.219718,0.34987931,0.123012433,0.811109329,-0.459868375,1
Aug-83,28.1,0.526773905,-0.403998769,0.759210797,-0.803978698,-0.826629597,1
Sep-83,27.2,-1.546814719,0.560965172,-0.046170511,0.811109329,-0.704375856,1
Oct-83,27.6,-0.38560509,-0.011982168,0.323036019,0.609223326,0.395907809,1
Nov-83,26.6,-2.044475988,0.802206157,0.464902967,0.811109329,-0.948883337,0
Dec-83,25.4,-2.459193713,1.646549605,1.714389504,0.407337323,-2.538181964,0
Jan-84,25.5,-1.297984084,0.983136896,0.662283069,0.811109329,-2.049167002,0
Feb-84,25.8,-1.297984084,1.043447142,2.59378835,1.012995333,-2.293674483,0
Mar-84,26.5,-0.302661545,0.862516403,1.632441515,1.012995333,-0.704375856,0
Apr-84,27.3,0.44383036,0.380034433,-0.202136038,0.609223326,-0.826629597,1
May-84,27.3,0.609717449,0.470499802,0.092171792,-0.400206691,-0.582122116,1
Jun-84,27.5,-0.219718,0.168948571,0.695767193,0.003565316,-0.826629597,1
Jul-84,27.2,0.029112635,0.34987931,-0.430356781,-0.400206691,-0.459868375,1
Aug-84,27.4,0.27794327,0.470499802,-0.646241267,-0.198320688,-0.704375856,1
Sep-84,26.8,-0.634435724,0.410189556,0.093934115,0.609223326,-1.193390818,0
Oct-84,27.4,-0.302661545,-0.011982168,0.100983404,-0.602092694,0.029146587,1
Nov-84,26.5,-1.132096994,1.133912512,-0.425950975,0.609223326,-0.826629597,0
Dec-84,26,-1.961532443,1.254533004,0.893147295,1.618653343,-1.437898299,0
Jan-85,26.6,2.517418983,-0.3135334,-0.572223729,-1.409636708,-0.459868375,0
Feb-85,27,0.692660994,0.440344679,-0.85243298,-0.602092694,0.395907809,0
Mar-85,27.1,-0.05383091,0.410189556,-0.775771959,-0.198320688,-0.093107153,1
Apr-85,27.5,-0.136774455,0.380034433,-0.577510696,0.003565316,1.007176511,1
May-85,28,0.029112635,0.25941394,-0.933499808,-0.400206691,0.273654068,1
Jun-85,28.2,0.11205618,-0.946790986,-1.225164155,0.003565316,1.985206436,1
Jul-85,27,-0.302661545,0.168948571,-0.389823367,0.609223326,-0.093107153,0
Aug-85,27.7,0.44383036,-0.645239754,-1.049813082,-0.602092694,-0.459868375,1
Sep-85,26.9,-0.55149218,0.168948571,-0.575748373,0.811109329,-1.071137078,0
Oct-85,26.7,-1.297984084,0.651430541,-0.062031412,1.41676734,0.029146587,0
Nov-85,26.6,-1.297984084,0.741895911,0.029609349,1.41676734,-0.459868375,0
Dec-85,26.1,-0.883266359,1.103757389,1.445635347,1.618653343,-1.193390818,0
Jan-86,25.7,-1.463871174,0.410189556,1.164544935,-0.198320688,-2.415928224,0
Feb-86,26.9,1.273265809,-1.248342217,-1.315923755,-2.419066725,-0.215360894,0
Mar-86,26.4,-0.883266359,1.224377881,1.562829783,0.609223326,-0.826629597,0
Apr-86,27.4,0.44383036,0.83236128,-0.229452034,0.003565316,-0.704375856,1
May-86,28.2,0.360886815,-0.22306803,-0.272628931,-0.198320688,0.029146587,1
Jun-86,27.9,0.941491629,-0.011982168,-0.468246711,-0.198320688,-0.215360894,1
Jul-86,27.9,0.44383036,-0.79601537,-0.584559985,-0.400206691,-0.215360894,1
Aug-86,28.3,-0.05383091,-1.580048572,-0.908827295,-0.602092694,1.007176511,1
Sep-86,26.7,-0.717379269,0.560965172,1.938204441,1.618653343,-1.193390818,0
Oct-86,26.9,-0.55149218,0.741895911,0.451685549,1.214881336,-0.948883337,0
Nov-86,26.6,-0.966209904,0.470499802,0.710746933,1.41676734,-0.704375856,0
Dec-86,26.3,-0.219718,0.802206157,1.684430024,0.407337323,-1.68240578,0
Jan-87,25.5,-1.380927629,1.043447142,3.459088618,0.407337323,-2.415928224,0
Feb-87,26.6,2.932136708,-1.067411479,-0.785464732,-1.409636708,-0.459868375,0
Mar-87,27.5,1.024435174,0.199103694,-0.383655239,-0.400206691,-0.093107153,1
Apr-87,27.9,0.44383036,0.078483201,-0.91235194,-0.803978698,1.496191474,1
May-87,27.6,-0.05383091,0.621275418,0.827941368,0.407337323,-0.215360894,1
Jun-87,28.7,0.941491629,-0.554774385,-0.435643748,0.205451319,0.151400328,1
Jul-87,28.1,0.858548084,-0.373843646,-0.838334402,-0.602092694,0.395907809,1
Aug-87,27.4,-0.468548635,0.319724187,0.139754496,0.407337323,0.518161549,1
Sep-87,27.6,-0.219718,-0.011982168,-0.406565429,-0.602092694,0.273654068,1
Oct-87,27.9,0.11205618,-0.132602661,-1.352051363,-1.005864701,0.395907809,1
Nov-87,27.3,-0.966209904,0.440344679,1.511722435,0.609223326,-0.093107153,1
Dec-87,26.4,-0.717379269,0.621275418,-0.909708456,-0.602092694,-0.704375856,0
Jan-88,26.8,0.194999725,0.530810049,0.541563988,0.205451319,-0.337614634,0
Feb-88,27.1,0.858548084,0.199103694,-0.158077979,-1.005864701,0.518161549,1
Mar-88,27.3,-0.38560509,0.83236128,0.094815276,0.205451319,1.618445214,1
Apr-88,27.8,-0.219718,0.591120295,-0.585441146,-0.198320688,0.395907809,1
May-88,28.4,-0.05383091,0.048328078,0.471952256,0.003565316,1.007176511,1
Jun-88,28,0.692660994,-0.283378277,0.67109468,-0.198320688,0.273654068,1
Jul-88,27.3,0.27794327,0.440344679,1.139872422,0.205451319,0.518161549,1
Aug-88,27,-0.634435724,0.711740788,-0.845383691,0.003565316,-0.826629597,0
Sep-88,27.1,-0.717379269,0.591120295,2.32944,0.003565316,-0.093107153,1
Oct-88,27.5,-1.297984084,0.199103694,-0.365150854,0.609223326,1.373937733,1
Nov-88,26.3,-1.629758264,1.284688128,1.985787144,1.820539346,-0.704375856,0
Dec-88,26.2,0.029112635,-0.434153892,-0.996943412,-0.602092694,-2.171420743,0
Jan-89,26.5,0.11205618,0.470499802,0.12036895,-0.803978698,-0.704375856,0
Feb-89,26.6,0.858548084,-1.278497341,-1.089465335,-2.217180722,-0.093107153,0
Mar-89,26.3,-0.966209904,1.525929113,1.144278228,1.41676734,-1.071137078,0
Apr-89,27,0.029112635,1.164067635,0.198792294,0.609223326,1.373937733,0
May-89,27.3,-0.38560509,1.224377881,0.15825888,-0.400206691,-0.093107153,1
Jun-89,27.5,0.27794327,0.229258817,-0.514948253,-0.400206691,-0.215360894,1
Jul-89,27.7,0.27794327,0.018172955,-0.162483785,-0.400206691,-0.826629597,1
Aug-89,27.1,-0.302661545,0.34987931,0.219940162,0.811109329,-0.093107153,1
Sep-89,26.9,-0.136774455,0.560965172,0.627917783,0.003565316,-0.826629597,0
Oct-89,27.1,-0.136774455,0.34987931,-0.57310489,0.407337323,-0.582122116,1
Nov-89,26.7,-0.219718,1.043447142,2.928629594,1.214881336,-0.704375856,0
Dec-89,26.3,-0.717379269,0.892671526,0.032252833,0.811109329,-1.68240578,0
Jan-90,26.2,-0.302661545,0.380034433,-0.252362224,-0.198320688,-1.56015204,0
Feb-90,27.6,2.683306073,-0.494464139,-1.338833945,-1.207750705,0.76266903,1
Mar-90,28.2,2.185644803,-1.489583203,-0.721139966,-2.015294718,1.618445214,1
Apr-90,28.5,0.526773905,-0.403998769,-1.089465335,-0.803978698,1.985206436,1
May-90,28.6,0.692660994,-0.434153892,0.035777478,-0.602092694,1.496191474,1
Jun-90,28.3,0.526773905,-0.554774385,-0.559006311,-1.005864701,0.518161549,1
Jul-90,27.5,0.194999725,0.048328078,-0.458553938,-0.400206691,0.151400328,1
Aug-90,28,0.11205618,-0.072292414,-0.259411514,-0.198320688,0.64041529,1
Sep-90,27.2,-0.468548635,0.199103694,0.250780803,0.609223326,-0.093107153,1
Oct-90,27.5,0.194999725,0.289569063,-1.054218888,-0.400206691,-0.093107153,1
Nov-90,27.2,-0.883266359,0.289569063,0.038420961,0.609223326,0.76266903,1
Dec-90,26.3,-0.136774455,1.043447142,0.220821323,0.407337323,-1.926913262,0
Jan-91,26.7,-0.05383091,0.470499802,-0.459435099,-0.198320688,-0.337614634,0
Feb-91,27.1,1.107378719,-0.283378277,-1.150265455,-1.409636708,0.151400328,1
Mar-91,27.8,1.190322264,-0.79601537,-0.737000867,-0.803978698,0.76266903,1
Apr-91,27.7,0.11205618,0.530810049,-0.368675499,-0.198320688,0.884922771,1
May-91,27.7,-0.468548635,1.224377881,0.708103449,1.820539346,-0.215360894,1
Jun-91,28.6,1.190322264,-0.464309015,-0.76960383,-1.005864701,0.273654068,1
Jul-91,28.5,0.858548084,-1.157876848,-1.222520671,-1.207750705,0.76266903,1
Aug-91,28.2,-0.302661545,-0.826170493,0.441992776,-1.207750705,0.273654068,1
Sep-91,27.5,-1.297984084,0.138793448,-0.466484388,-0.400206691,-1.071137078,1
Oct-91,27.5,-1.215040539,-0.343688523,-1.092989979,-1.813408715,0.029146587,1
Nov-91,26.3,-1.795645353,1.194222758,0.255186609,1.012995333,-0.948883337,0
Dec-91,25.6,-2.210363078,2.460737931,2.786762646,1.012995333,-2.293674483,0
Jan-92,26.6,0.775604539,-0.042137291,-0.811899567,-1.005864701,-1.926913262,0
Feb-92,27.5,1.687983534,-0.615084631,-1.001349218,-2.015294718,-0.337614634,1
Mar-92,28.2,1.439152899,-0.584929508,-0.955528837,-1.611522711,1.618445214,1
Apr-92,28.4,0.609717449,-0.042137291,-0.138692434,-0.198320688,1.496191474,1
May-92,28.1,0.029112635,0.229258817,-0.99518109,-0.198320688,0.884922771,1
Jun-92,28,-0.136774455,0.048328078,-0.116663405,0.003565316,0.273654068,1
Jul-92,27.3,-0.800322814,0.380034433,1.011222891,1.012995333,0.151400328,1
Aug-92,27.8,0.029112635,-0.434153892,-0.880630138,-0.602092694,0.273654068,1
Sep-92,27.3,-0.55149218,0.108638324,-0.81454305,-0.198320688,0.76266903,1
Oct-92,27.4,-0.966209904,-0.162757784,0.503674058,1.214881336,-0.582122116,1
Nov-92,26.1,-1.629758264,1.556084236,2.628153636,0.811109329,-1.68240578,0
Dec-92,25.5,-1.878588898,2.340117438,2.878403408,1.820539346,-2.415928224,0
Jan-93,26.2,-0.136774455,0.952981773,0.003174514,-0.602092694,-2.171420743,0
Feb-93,26.7,2.351531893,-0.615084631,-0.941430258,-1.207750705,-0.826629597,0
Mar-93,26.7,-0.219718,1.133912512,0.65611494,0.003565316,-1.437898299,0
Apr-93,27.6,0.609717449,0.591120295,0.950422771,1.214881336,0.151400328,1
May-93,28.2,0.27794327,0.108638324,-0.406565429,-0.803978698,1.007176511,1
Jun-93,28.5,0.44383036,-0.494464139,-0.533452637,0.609223326,-0.093107153,1
Jul-93,27.9,-0.38560509,0.199103694,0.563593018,0.205451319,-0.704375856,1
Aug-93,28.6,1.439152899,-0.946790986,-0.610113659,-0.602092694,0.64041529,1
Sep-93,27.9,0.194999725,-0.343688523,-1.007517346,-1.409636708,-0.215360894,1
Oct-93,27.5,-0.38560509,0.530810049,-0.004755936,-0.198320688,-0.215360894,1
Nov-93,26.9,-0.800322814,1.465618866,0.658758424,0.811109329,-1.071137078,0
Dec-93,26.5,-1.215040539,1.465618866,1.167188418,1.012995333,-0.582122116,0
Jan-94,26.9,0.360886815,-0.132602661,-1.049813082,-1.409636708,-1.193390818,0
Feb-94,27,0.609717449,0.591120295,-0.374843627,0.205451319,-1.071137078,0
Mar-94,26.8,-1.795645353,1.375153497,0.988312701,1.012995333,-1.437898299,0
Apr-94,27.9,0.11205618,0.681585664,-0.194205587,0.205451319,0.273654068,1
May-94,28.1,-0.55149218,0.681585664,-0.056744445,0.407337323,-0.948883337,1
Jun-94,28.1,0.27794327,0.289569063,0.076310891,0.003565316,-0.337614634,1
Jul-94,28.4,1.605039989,-1.097566602,-1.077129078,-1.611522711,-0.826629597,1
Aug-94,28.1,0.692660994,-0.765860247,-1.1537901,-0.400206691,-0.582122116,1
Sep-94,28.3,-1.546814719,-1.157876848,-1.34235859,-1.611522711,0.884922771,1
Oct-94,27.9,-0.966209904,-0.3135334,-0.804850277,-0.602092694,1.007176511,1
Nov-94,26.7,-0.966209904,1.767170098,1.287907498,1.41676734,-1.071137078,0
Dec-94,26.9,-0.302661545,0.892671526,2.197265824,0.811109329,-0.948883337,0
Jan-95,26.8,-0.55149218,1.103757389,1.527583336,1.41676734,-0.704375856,0
Feb-95,26.5,-0.634435724,1.49577399,1.391884516,0.407337323,-1.193390818,0
Mar-95,27.6,0.194999725,0.410189556,-0.954647676,-0.803978698,-0.215360894,1
Apr-95,27.9,-0.05383091,0.83236128,0.583859725,0.407337323,0.151400328,1
May-95,28.5,0.27794327,0.34987931,-0.807493761,-0.602092694,0.76266903,1
Jun-95,28.9,0.775604539,-0.192912907,-0.989894123,-0.400206691,0.76266903,1
Jul-95,28,-0.38560509,0.018172955,-0.021497998,-0.198320688,-0.459868375,1
Aug-95,27.4,-1.297984084,0.92282665,0.313343246,1.41676734,-1.193390818,1
Sep-95,28.3,0.11205618,-0.283378277,-1.291251242,-1.409636708,-0.459868375,1
Oct-95,27.8,-0.800322814,0.078483201,-0.660339846,-0.400206691,0.884922771,1
Nov-95,27,-1.629758264,1.284688128,1.73377505,1.214881336,-0.093107153,0
Dec-95,26.3,-2.127419533,1.224377881,1.114318748,1.214881336,-1.071137078,0
Jan-96,26.2,-0.38560509,0.500654925,-0.025022643,-0.803978698,-1.071137078,0
Feb-96,26.5,0.11205618,0.621275418,0.036658639,-0.602092694,-1.68240578,0
Mar-96,27.8,1.687983534,-0.464309015,-0.408327751,-1.207750705,1.251683993,1
Apr-96,27.8,-0.219718,0.892671526,0.019035415,0.205451319,0.273654068,1
May-96,28.5,1.107378719,0.34987931,-0.603945531,0.205451319,-0.093107153,1
Jun-96,28.3,0.194999725,0.530810049,0.790932599,0.205451319,0.64041529,1
Jul-96,28.3,0.858548084,-0.192912907,-0.12106921,-0.803978698,-0.093107153,1
Aug-96,27.4,-0.55149218,0.25941394,0.725726673,0.811109329,-0.337614634,1
Sep-96,27.7,-0.717379269,-0.102447538,1.065854884,0.811109329,-0.215360894,1
Oct-96,27.5,-1.132096994,0.138793448,1.092289719,1.012995333,-0.337614634,1
Nov-96,27.3,-1.049153449,0.289569063,0.036658639,0.407337323,0.273654068,1
Dec-96,26.6,-0.966209904,0.108638324,0.083360181,0.205451319,-0.459868375,0
Jan-97,27.1,1.687983534,-1.580048572,-1.415494967,-2.217180722,-0.093107153,1
Feb-97,27.4,-0.634435724,-0.524619262,-0.622449915,-1.207750705,0.395907809,1
Mar-97,28.1,1.107378719,-0.88648074,-1.248955506,-0.803978698,1.007176511,1
Apr-97,28.1,-0.05383091,0.048328078,-0.507898963,-0.400206691,1.251683993,1
May-97,29.3,0.858548084,-1.45942808,-1.184630741,-1.611522711,2.107460176,1
Jun-97,29.3,1.356209354,-1.760979311,-0.855957625,-0.400206691,1.618445214,1
Jul-97,28.8,0.692660994,-1.821289557,-1.38729781,-1.005864701,0.76266903,1
Aug-97,28.8,0.029112635,-1.308652464,-0.788108215,-1.005864701,0.76266903,1
Sep-97,28.8,-2.044475988,-1.670513942,-1.277152664,-2.217180722,0.518161549,1
Oct-97,28.2,-2.044475988,-0.464309015,-0.860363431,-1.207750705,1.373937733,1
Nov-97,27.8,-0.219718,0.078483201,-0.156315657,-0.198320688,0.395907809,1
Dec-97,27.3,-0.302661545,0.83236128,1.549612365,1.820539346,-0.582122116,1
Jan-98,28,1.439152899,0.199103694,0.817367434,-0.198320688,0.273654068,1
Feb-98,28.9,2.683306073,-1.278497341,-1.264816407,-1.813408715,1.496191474,1
Mar-98,29.5,1.605039989,-1.429272956,-1.03307102,-1.409636708,3.207743841,1
Apr-98,29.2,0.858548084,-0.22306803,0.102745726,-0.198320688,1.740698955,1
May-98,29.4,0.194999725,-0.072292414,1.716151826,0.811109329,1.740698955,1
Jun-98,28.6,-0.302661545,-0.132602661,0.200554616,0.205451319,1.618445214,1
Jul-98,28.1,-0.468548635,-0.22306803,0.732775962,0.811109329,0.273654068,1
Aug-98,27.5,-0.883266359,0.862516403,0.167070492,0.811109329,-0.704375856,1
Sep-98,27.9,-0.966209904,0.470499802,0.72396435,0.609223326,-0.337614634,1
Oct-98,28,-0.55149218,-0.072292414,0.411152135,1.214881336,1.373937733,1
Nov-98,27.9,-0.883266359,-0.192912907,-0.606589014,-0.602092694,0.884922771,1
Dec-98,26.6,-2.127419533,1.797325221,2.532107068,1.618653343,-0.948883337,0
Jan-99,26.6,-1.463871174,1.737014975,0.157377719,1.012995333,-0.704375856,0
Feb-99,27.2,0.858548084,-0.042137291,-0.957291159,-1.005864701,-0.459868375,1
Mar-99,27.1,-1.132096994,1.49577399,0.047232573,0.407337323,-0.459868375,1
Apr-99,28.3,0.11205618,0.018172955,-0.771366153,0.003565316,1.251683993,1
May-99,28,0.029112635,0.560965172,-0.166889591,-0.198320688,1.007176511,1
Jun-99,28.2,0.27794327,-0.192912907,-0.640073139,-0.198320688,0.395907809,1
Jul-99,27.8,0.941491629,0.048328078,0.434943487,-0.602092694,-0.582122116,1
Aug-99,27.5,0.029112635,0.470499802,0.246374997,-0.198320688,-0.582122116,1
Sep-99,27.9,0.692660994,-0.253223153,-0.441811876,-0.198320688,0.64041529,1
Oct-99,27.2,-0.800322814,0.621275418,0.255186609,1.214881336,-1.071137078,1
Nov-99,27.3,-0.800322814,0.560965172,0.576810435,1.012995333,0.029146587,1
Dec-99,26.8,-1.297984084,0.83236128,1.449159992,0.609223326,-0.459868375,0
Jan-00,26.3,-1.380927629,1.314843251,0.873761749,0.003565316,-1.926913262,0
Feb-00,26.6,0.11205618,1.194222758,0.544207472,0.811109329,-1.193390818,0
Mar-00,27.2,0.11205618,0.983136896,0.548613278,0.205451319,0.76266903,1
Apr-00,27.5,-0.302661545,0.92282665,1.194504414,1.214881336,0.029146587,1
May-00,28.6,0.941491629,-0.042137291,-0.698229776,-0.803978698,1.007176511,1
Jun-00,27.6,-0.883266359,0.530810049,-0.163364946,0.407337323,-0.093107153,1
Jul-00,28.1,0.692660994,0.018172955,-0.52816567,-0.400206691,-0.337614634,1
Aug-00,27.5,-0.468548635,0.380034433,-0.551075861,0.811109329,-0.093107153,1
Sep-00,28,0.44383036,-0.102447538,-0.836572079,-0.400206691,1.129430252,1
Oct-00,27.8,-1.380927629,-0.132602661,-0.485869934,0.003565316,0.884922771,1
Nov-00,27.3,-1.629758264,1.375153497,1.84744484,1.41676734,1.007176511,1
Dec-00,27,-1.215040539,1.525929113,0.528346571,0.811109329,-0.948883337,0
1-Jan,26.5,-1.049153449,1.465618866,2.200790469,1.41676734,-0.704375856,0
1-Feb,27,-0.717379269,0.319724187,-0.788108215,-0.602092694,-1.193390818,0
1-Mar,27.5,-0.219718,0.591120295,1.068498367,1.214881336,0.395907809,1
1-Apr,27.7,-0.302661545,1.043447142,0.240206869,0.811109329,0.151400328,1
1-May,28.5,0.27794327,0.741895911,-0.09815902,-0.400206691,0.151400328,1
1-Jun,28.2,-0.634435724,-0.011982168,-0.343121825,-0.602092694,0.273654068,1
1-Jul,28.4,2.019757713,-0.524619262,-0.570461406,-1.005864701,0.395907809,1
1-Aug,28,-0.634435724,0.34987931,-0.156315657,0.003565316,0.395907809,1
1-Sep,28,0.44383036,-0.072292414,-0.123712694,-0.198320688,-0.337614634,1
1-Oct,27.6,-1.049153449,0.34987931,0.67109468,1.214881336,0.76266903,1
1-Nov,27.2,-1.629758264,0.711740788,-0.006518258,0.205451319,-0.215360894,1
1-Dec,26.7,-0.966209904,1.284688128,3.81507773,1.214881336,-0.215360894,0
2-Jan,27,1.024435174,0.319724187,0.397934718,-0.602092694,0.151400328,0
2-Feb,27.3,1.439152899,-0.494464139,-1.103563913,-2.419066725,-1.071137078,1
2-Mar,28.2,1.605039989,-0.524619262,-1.061268177,-1.207750705,1.740698955,1
2-Apr,28.6,0.775604539,-0.072292414,-0.524641026,-0.198320688,1.129430252,1
2-May,28.9,0.44383036,-0.072292414,0.533633538,-0.198320688,0.884922771,1
2-Jun,28.7,0.526773905,-0.132602661,-0.818948856,-0.400206691,-0.093107153,1
2-Jul,28.4,0.941491629,0.048328078,0.508079864,-0.602092694,-0.459868375,1
2-Aug,28.5,0.858548084,-1.007101232,-1.073604434,0.003565316,0.273654068,1
2-Sep,28.1,-0.136774455,-0.253223153,-0.456791616,-1.005864701,-0.215360894,1
2-Oct,28.7,0.44383036,-0.826170493,-1.456028381,-1.409636708,1.496191474,1
2-Nov,27.4,-0.883266359,0.983136896,1.155733323,0.205451319,0.76266903,1
2-Dec,27.2,-0.717379269,1.857635467,0.695767193,2.02242535,-0.459868375,1
3-Jan,26.7,-0.800322814,1.314843251,2.362924124,1.214881336,-1.193390818,0
3-Feb,27.1,0.11205618,0.741895911,-0.027666126,-0.198320688,-0.948883337,1
3-Mar,28.1,1.024435174,0.380034433,-0.18891862,-0.602092694,0.151400328,1
3-Apr,27.9,-0.468548635,1.254533004,-0.142217078,1.214881336,0.395907809,1
3-May,29.2,0.11205618,-0.253223153,-0.830403951,-0.602092694,1.129430252,1
3-Jun,28.9,1.107378719,-1.218187094,-1.107969719,-0.400206691,1.129430252,1
3-Jul,28.1,-0.05383091,-0.253223153,-0.049695156,0.003565316,-0.704375856,1
3-Aug,28.2,0.360886815,0.168948571,0.154734235,-0.198320688,-0.337614634,1
3-Sep,27.6,-0.55149218,0.681585664,0.257830092,0.205451319,-0.582122116,1
3-Oct,27.6,-0.468548635,0.711740788,1.54520656,1.41676734,-0.459868375,1
3-Nov,27.1,-1.215040539,1.435463743,-0.372200143,1.012995333,-0.459868375,1
3-Dec,26.5,-1.463871174,1.40530862,0.854376203,0.609223326,-1.437898299,0
4-Jan,26.9,0.858548084,1.254533004,3.743703675,-0.198320688,-1.68240578,0
4-Feb,27.6,1.687983534,-0.615084631,-1.270103374,-2.015294718,0.76266903,1
4-Mar,27.7,-0.717379269,0.983136896,0.822654401,0.407337323,0.395907809,1
4-Apr,28.9,1.107378719,-0.072292414,-1.04805076,-1.005864701,2.107460176,1
4-May,28.9,0.27794327,-0.132602661,-0.338716019,-0.198320688,1.129430252,1
4-Jun,29,0.526773905,-0.826170493,-0.430356781,-1.207750705,0.395907809,1
4-Jul,27.3,-1.215040539,0.83236128,-0.08317928,1.214881336,-0.582122116,1
4-Aug,28.3,1.356209354,-0.675394878,0.080716697,-1.207750705,0.151400328,1
4-Sep,27.8,0.194999725,0.319724187,-0.415377041,0.003565316,-0.337614634,1
4-Oct,27.8,-0.55149218,0.410189556,-0.444455359,-0.198320688,1.007176511,1
4-Nov,27.3,0.11205618,1.073602265,-0.086703925,0.205451319,-1.071137078,1
4-Dec,26.8,-0.634435724,0.802206157,-0.319330473,0.003565316,-0.826629597,0
5-Jan,26.6,0.692660994,0.229258817,-0.11313876,-1.207750705,-1.193390818,0
5-Feb,28.5,2.849193163,-1.45942808,-1.477176249,-2.217180722,1.618445214,1
5-Mar,28.5,1.273265809,-0.675394878,-0.825116984,-0.400206691,1.985206436,1
5-Apr,28.7,1.107378719,-0.464309015,-0.831285112,-0.803978698,2.107460176,1
5-May,28.5,-0.136774455,0.621275418,1.366330842,1.214881336,2.474221398,1
5-Jun,28.8,-0.219718,0.048328078,-0.825998145,0.205451319,0.64041529,1
5-Jul,28,-0.219718,0.440344679,-0.634786172,0.205451319,0.64041529,1
5-Aug,28.2,0.692660994,0.108638324,-1.035714503,-0.198320688,0.273654068,1
5-Sep,28.2,0.44383036,0.500654925,-0.002993614,0.811109329,-0.337614634,1
5-Oct,27.6,-0.468548635,0.802206157,1.220058088,1.012995333,-0.459868375,1
5-Nov,27.3,-1.049153449,1.164067635,1.646540094,1.820539346,0.273654068,1
5-Dec,27.3,-0.966209904,0.92282665,-0.088466247,1.012995333,0.151400328,1
6-Jan,26.5,-0.717379269,1.586239359,2.452802563,1.214881336,-1.68240578,0
6-Feb,27.5,1.439152899,0.440344679,-0.533452637,-1.207750705,-0.093107153,1
6-Mar,28.3,1.190322264,-0.373843646,-0.818948856,-1.005864701,1.496191474,1
6-Apr,27.6,-0.302661545,1.344998374,0.561830695,0.811109329,0.884922771,1
6-May,28.1,-0.55149218,0.802206157,0.261354737,0.003565316,0.518161549,1
6-Jun,27.8,-0.136774455,1.133912512,0.53539586,0.407337323,-0.826629597,1
6-Jul,28.4,1.024435174,0.380034433,-0.19596791,0.205451319,-0.337614634,1
6-Aug,28.3,0.858548084,-0.192912907,-0.429475619,0.003565316,-0.337614634,1
6-Sep,28,-0.302661545,-0.464309015,-0.817186534,-0.400206691,-0.704375856,1
6-Oct,28.3,-0.717379269,-0.494464139,-0.652409395,-1.207750705,0.273654068,1
6-Nov,27.3,-0.05383091,1.465618866,0.084241342,0.811109329,-0.215360894,1
6-Dec,26.6,-2.044475988,1.797325221,5.197619603,1.618653343,-0.826629597,0
7-Jan,26.5,-1.297984084,1.284688128,2.414912633,1.214881336,-0.826629597,0
7-Feb,27.3,1.605039989,-0.011982168,-0.621568754,-2.217180722,-0.093107153,1
7-Mar,27.5,0.11205618,0.711740788,0.820010918,1.41676734,0.151400328,1
7-Apr,28.1,0.194999725,0.651430541,0.56535534,0.003565316,0.395907809,1
7-May,28.3,-0.136774455,0.681585664,-0.430356781,0.407337323,0.029146587,1
7-Jun,28.4,0.27794327,0.078483201,-0.326379763,-0.400206691,0.76266903,1
7-Jul,27.7,-1.546814719,0.681585664,-0.302588411,1.012995333,-0.459868375,1
7-Aug,27.7,0.029112635,0.108638324,0.129180562,1.214881336,-1.071137078,1
7-Sep,27.8,0.11205618,0.229258817,-0.238263646,-0.198320688,-0.948883337,1
7-Oct,27.8,-0.05383091,0.199103694,0.538920505,0.407337323,0.395907809,1
7-Nov,26.9,-1.795645353,1.194222758,1.690598152,1.41676734,0.151400328,0
7-Dec,26.4,-0.966209904,1.284688128,2.577927449,1.214881336,-1.926913262,0
8-Jan,26.8,0.360886815,1.043447142,0.762735442,1.012995333,0.151400328,0
8-Feb,26.7,-0.136774455,0.108638324,-0.412733557,-1.207750705,0.029146587,0
8-Mar,26.5,-1.132096994,1.375153497,1.04030121,0.407337323,-0.826629597,0
8-Apr,28.1,0.27794327,-0.162757784,-0.782821248,-0.198320688,-0.093107153,1
8-May,28.8,0.775604539,-1.037256355,-0.450623487,-0.602092694,0.884922771,1
8-Jun,28.2,-0.05383091,-0.3135334,-0.508780125,-0.400206691,-0.582122116,1
8-Jul,27.8,-0.634435724,-0.373843646,-0.766079186,0.205451319,-0.826629597,1
8-Aug,27.4,-0.136774455,0.380034433,1.332846718,0.811109329,-0.826629597,1
8-Sep,27.7,-0.468548635,0.048328078,-0.102564826,0.811109329,-0.582122116,1
8-Oct,27.6,-0.966209904,0.711740788,-0.145741723,1.012995333,-0.093107153,1
8-Nov,27.3,-1.380927629,1.013292019,1.306411883,0.407337323,-0.459868375,1
8-Dec,26.9,-0.717379269,0.34987931,0.600601787,0.609223326,-0.948883337,0
9-Jan,26.8,0.775604539,-1.037256355,-1.213709059,-1.813408715,-0.948883337,0
9-Feb,27.3,0.609717449,-0.554774385,0.226989451,-1.207750705,1.985206436,1
9-Mar,27.2,-0.136774455,0.862516403,0.416439102,1.012995333,-0.215360894,1
9-Apr,28.5,0.44383036,-0.102447538,0.06749928,-0.400206691,1.618445214,1
9-May,28.7,0.775604539,0.138793448,0.198792294,0.609223326,0.273654068,1
9-Jun,29.1,1.107378719,-0.826170493,-1.359100652,-1.207750705,0.395907809,1
9-Jul,28.3,0.44383036,-0.524619262,-0.132524306,0.407337323,-0.337614634,1
9-Aug,28.3,0.692660994,-0.554774385,0.015510771,-0.400206691,0.151400328,1
9-Sep,28.3,-0.05383091,-0.162757784,-0.585441146,-0.198320688,-0.459868375,1
9-Oct,28.2,-0.219718,0.078483201,-0.375724788,0.205451319,0.64041529,1
9-Nov,27.2,-0.800322814,0.92282665,0.931918386,1.820539346,0.884922771,1
9-Dec,27.1,-0.800322814,1.133912512,0.121250111,0.811109329,-0.948883337,1
10-Jan,27.5,1.190322264,-0.132602661,-0.938786775,-0.803978698,-1.315644559,1
10-Feb,28.9,2.600362528,-1.580048572,-1.495680633,-2.015294718,2.229713917,1
10-Mar,28.6,0.360886815,-0.79601537,0.545969794,-0.602092694,2.596475139,1
10-Apr,28.6,0.44383036,0.470499802,-0.154553335,0.811109329,1.373937733,1
10-May,29.2,0.692660994,-0.102447538,-0.163364946,0.609223326,2.229713917,1
10-Jun,28.3,-0.468548635,0.410189556,0.567998823,1.012995333,0.151400328,1
10-Jul,27.7,-0.883266359,0.681585664,1.079072301,0.811109329,0.029146587,1
10-Aug,27.9,-0.219718,0.500654925,-0.155434496,0.407337323,-0.337614634,1
10-Sep,28,0.029112635,-0.011982168,-0.480582967,-0.198320688,-0.215360894,1
10-Oct,28.3,-1.215040539,-0.072292414,-0.086703925,0.609223326,0.884922771,1
10-Nov,27.4,-0.55149218,1.013292019,0.905483551,1.41676734,-0.337614634,1
10-Dec,26.8,-1.712701809,0.83236128,0.047232573,0.003565316,0.273654068,0
11-Jan,26.3,-0.966209904,0.983136896,2.97092533,0.609223326,-1.193390818,0
11-Feb,27.3,1.522096444,-0.434153892,-1.348526718,-1.207750705,0.151400328,1
11-Mar,27.1,-0.883266359,0.892671526,0.709865772,1.618653343,0.151400328,1
11-Apr,27.9,1.273265809,0.410189556,0.367975238,-0.400206691,-0.337614634,1
11-May,28.5,0.194999725,0.83236128,-0.432119103,0.205451319,2.351967657,1
11-Jun,28.4,-0.55149218,0.34987931,0.325679502,0.205451319,-0.337614634,1
11-Jul,28.7,1.770927079,-0.373843646,-0.876224332,-1.409636708,-0.582122116,1
11-Aug,27.9,0.360886815,0.018172955,-0.833928596,-0.198320688,-1.071137078,1
11-Sep,27.8,-0.468548635,0.048328078,-0.349289953,0.003565316,-1.193390818,1
11-Oct,27.3,-0.302661545,1.465618866,0.359163627,1.214881336,-1.071137078,1
11-Nov,27.1,-0.883266359,1.586239359,1.777833108,2.02242535,-1.071137078,1
11-Dec,26.6,-1.961532443,1.767170098,0.956590899,1.41676734,-1.315644559,0
12-Jan,26.7,0.27794327,1.435463743,-0.616281787,0.407337323,-1.071137078,0
12-Feb,27.2,1.107378719,0.92282665,-0.81454305,-0.602092694,-0.582122116,1
12-Mar,27,-1.215040539,1.435463743,1.210365315,1.41676734,-0.215360894,0
12-Apr,27.6,0.11205618,0.772051034,0.745112218,1.214881336,-0.582122116,1
12-May,28.2,-0.05383091,0.168948571,1.021796825,1.012995333,0.395907809,1
12-Jun,28.7,0.27794327,-1.067411479,-1.084178368,-1.207750705,-0.826629597,1
12-Jul,27.7,0.44383036,-0.434153892,-0.398634978,0.609223326,-1.56015204,1
12-Aug,27.9,0.360886815,-0.826170493,-0.502611996,-0.400206691,-0.826629597,1
12-Sep,27.9,-0.05383091,-0.856325616,-0.60306437,-0.803978698,-0.826629597,1
12-Oct,27.7,0.194999725,-0.373843646,-0.474414839,-0.198320688,-0.337614634,1
12-Nov,27.1,-1.049153449,0.862516403,0.283383766,1.618653343,-0.704375856,1
12-Dec,26.7,-1.712701809,1.344998374,1.6509459,1.618653343,-1.437898299,0
13-Jan,27.1,0.27794327,-0.132602661,0.757448475,0.205451319,2.229713917,1
13-Feb,26.5,-1.380927629,1.314843251,1.931155151,1.618653343,-1.071137078,0
13-Mar,28.3,1.522096444,-0.645239754,-0.795157504,-0.803978698,0.518161549,1
13-Apr,28.2,-0.38560509,0.048328078,-0.146622884,1.012995333,1.862952695,1
13-May,28.2,-0.219718,0.168948571,0.311580923,0.609223326,0.64041529,1
13-Jun,29,0.609717449,-2.394236897,-0.569580245,-0.400206691,1.373937733,1
13-Jul,27.8,0.029112635,-0.79601537,-0.012686387,0.205451319,0.151400328,1
13-Aug,27.9,0.360886815,-1.067411479,-0.091990892,0.205451319,-0.704375856,1
13-Sep,27.5,-0.883266359,-0.373843646,0.713390416,1.012995333,-0.582122116,1
13-Oct,27.7,0.526773905,-0.79601537,0.963640188,1.012995333,-0.215360894,1
13-Nov,27.1,-0.966209904,0.621275418,1.02532147,1.618653343,-0.582122116,1
13-Dec,26.5,-1.795645353,0.983136896,1.517009402,1.41676734,0.395907809,0
14-Jan,26.2,-0.302661545,-1.218187094,-0.886798266,-1.813408715,-1.926913262,0
14-Feb,27.2,2.600362528,-2.42439202,-1.549431465,-2.620952728,0.518161549,1
14-Mar,27.9,1.936814168,-1.972065173,-0.969627416,-1.611522711,1.251683993,1
14-Apr,28.2,0.029112635,-0.765860247,-0.581916502,0.609223326,1.373937733,1
14-May,28.6,0.11205618,-0.705550001,-0.442693037,0.811109329,0.518161549,1
14-Jun,29,0.27794327,-1.519738326,-0.922044713,-0.602092694,0.273654068,1
14-Jul,28.7,-0.136774455,-1.278497341,-0.24178829,0.205451319,-0.215360894,1
14-Aug,27.7,-0.966209904,-0.856325616,0.572404629,1.214881336,-1.804659521,1
14-Sep,28.5,1.107378719,-2.092685666,-0.81454305,-1.005864701,-0.215360894,1
14-Oct,28.4,0.27794327,-1.670513942,-0.493800385,-0.803978698,0.884922771,1
14-Nov,27.5,-0.219718,-0.042137291,0.658758424,1.820539346,0.029146587,1
14-Dec,27,-1.629758264,0.018172955,0.612938043,0.609223326,0.273654068,0
15-Jan,26.9,1.439152899,-1.489583203,-0.849789497,-1.611522711,-1.193390818,0
15-Feb,27,1.356209354,-2.152995912,-1.385535487,-1.611522711,0.273654068,0
15-Mar,28.2,1.356209354,-2.032375419,-0.807493761,-1.813408715,1.251683993,1
15-Apr,28.6,1.273265809,-1.640358818,-0.906183812,-0.198320688,1.251683993,1
15-May,28.7,0.11205618,-1.097566602,-0.766960347,-0.400206691,1.007176511,1
15-Jun,29,0.858548084,-2.032375419,-0.707041388,-0.803978698,1.129430252,1
15-Jul,29.1,1.190322264,-2.303771528,-0.521997542,-0.198320688,-0.826629597,1
15-Aug,28.4,0.360886815,-1.760979311,0.086003664,-0.602092694,-0.337614634,1
15-Sep,28.7,-1.132096994,-2.273616405,-1.008398507,-1.207750705,-0.215360894,1
15-Oct,28.7,-0.800322814,-2.152995912,-0.782821248,-1.005864701,0.273654068,1
15-Nov,28,-0.717379269,-1.037256355,-0.911470779,-0.198320688,0.273654068,1
15-Dec,27.7,-0.302661545,-0.434153892,1.112556426,1.012995333,-0.337614634,1
16-Jan,28.3,1.273265809,-0.88648074,-0.435643748,0.205451319,-0.704375856,1
16-Feb,27.8,0.692660994,-1.127721725,0.087765987,-0.803978698,-0.826629597,1
16-Mar,29,1.936814168,-2.364081774,-1.496561795,-1.611522711,0.884922771,1
16-Apr,29.4,1.107378719,-2.092685666,-0.759911058,0.003565316,1.985206436,1
16-May,29.3,0.44383036,-1.549893449,0.156496558,-0.400206691,1.496191474,1
16-Jun,28.5,-0.219718,-1.45942808,-0.116663405,-0.198320688,0.029146587,1
16-Jul,28.4,0.526773905,-1.580048572,-0.065556057,1.214881336,0.029146587,1
16-Aug,28.9,0.858548084,-2.575167636,-0.32461744,0.205451319,0.518161549,1
16-Sep,28.3,-0.136774455,-2.605322759,-0.503493158,0.205451319,1.251683993,1
16-Oct,28.3,-0.883266359,-3.178270099,0.043707928,0.407337323,1.496191474,1
16-Nov,27.4,-1.795645353,-1.489583203,1.005935924,1.214881336,-0.948883337,1
16-Dec,27.4,-0.468548635,-2.937029114,1.027083792,1.820539346,0.273654068,1
17-Jan,26.9,-0.717379269,0.681585664,0.189980682,1.41676734,0.395907809,0
17-Feb,26.9,1.190322264,0.199103694,-0.155434496,0.205451319,-1.193390818,0
17-Mar,27.4,0.360886815,-0.011982168,-0.351052275,-0.602092694,-0.093107153,1
17-Apr,27.8,-0.302661545,0.289569063,0.286908411,1.41676734,1.251683993,1
17-May,28.5,0.194999725,0.078483201,0.123012433,0.205451319,-0.704375856,1
17-Jun,28.5,0.526773905,-0.705550001,-0.617162948,-0.803978698,-0.459868375,1
17-Jul,28.3,1.107378719,-0.88648074,-0.849789497,-1.005864701,-1.193390818,1
17-Aug,28.1,0.360886815,-0.79601537,-0.809256083,0.811109329,-0.459868375,1
17-Sep,28,0.029112635,-0.464309015,-0.455029293,1.012995333,-1.193390818,1
17-Oct,27.9,-0.136774455,-0.011982168,-0.486751095,0.811109329,1.496191474,1
17-Nov,27.1,-1.215040539,1.133912512,0.815605112,2.02242535,-1.071137078,1
17-Dec,27,-0.05383091,0.802206157,1.719676471,1.820539346,0.151400328,0
18-Jan,26.1,-1.297984084,1.224377881,0.977738767,2.224311353,-0.215360894,0
18-Feb,27.2,1.936814168,-1.610203695,-1.420781934,-1.813408715,0.151400328,1
18-Mar,28,0.609717449,-1.248342217,-1.158195906,-0.803978698,1.007176511,1
18-Apr,28.5,0.941491629,-1.218187094,-1.011923152,0.003565316,1.985206436,1
18-May,28.7,0.11205618,-1.067411479,-0.386298722,1.012995333,1.007176511,1
18-Jun,28.4,-1.297984084,-0.976946109,0.057806507,0.609223326,0.029146587,1
18-Jul,28.5,0.360886815,-1.45942808,-0.289370994,-0.803978698,-0.459868375,1
18-Aug,28.5,0.858548084,-1.670513942,-0.479701806,-0.602092694,-0.215360894,1
18-Sep,28,0.27794327,-1.640358818,-0.27879706,-0.198320688,-0.459868375,1
18-Oct,27.9,0.360886815,-0.856325616,0.514247992,0.811109329,1.373937733,1
18-Nov,27.3,-1.546814719,0.199103694,-0.056744445,2.62808336,0.029146587,1
18-Dec,27.6,-0.468548635,-0.3135334,-0.03030961,1.012995333,0.518161549,1
19-Jan,28,1.190322264,-2.092685666,-0.990775284,-1.005864701,0.029146587,1
19-Feb,28.2,2.932136708,-2.545012513,-1.272746858,-1.813408715,0.884922771,1
19-Mar,28.7,2.185644803,-3.08780473,-0.914995423,-1.611522711,1.740698955,1
19-Apr,28.6,0.194999725,-1.489583203,-0.010924064,-1.005864701,1.373937733,1
19-May,29.3,1.107378719,-1.007101232,-0.943192581,-0.198320688,1.618445214,1
19-Jun,28.4,-0.302661545,-0.916635863,-0.019735676,0.407337323,-0.459868375,1
19-Jul,29,1.522096444,-2.213306158,-1.443692124,-1.207750705,0.029146587,1
19-Aug,29.1,1.605039989,-3.148114976,-1.447216769,-1.611522711,0.76266903,1
19-Sep,29,0.858548084,-2.876718868,-1.350289041,-2.015294718,1.129430252,1
